,Position (m),Temperature (C)
0,0,0.0
1,0.25,24.999999999999996
2,0.5,49.99999999999999
3,0.75,74.99999999999999
4,1,100.0

